{
  "Routes": [
    {
      "DownstreamPathTemplate": "/api/auth/{everything}",
      "DownstreamScheme": "http",
      "DownstreamHostAndPorts": [
        {
          "Host": "authservice",
          "Port": 5001
        }
      ],
      "UpstreamPathTemplate": "/auth/{everything}",
      "UpstreamHttpMethod": [ "GET", "POST", "PUT", "DELETE" ]
    },
    {
      "DownstreamPathTemplate": "/api/company/{everything}",
      "DownstreamScheme": "http",
      "DownstreamHostAndPorts": [
        {
          "Host": "companyservice",
          "Port": 5002
        }
      ],
      "UpstreamPathTemplate": "/company/{everything}",
      "UpstreamHttpMethod": [ "GET", "POST", "PUT", "DELETE" ]
    },
    {
      "DownstreamPathTemplate": "/api/booking/{everything}",
      "DownstreamScheme": "http",
      "DownstreamHostAndPorts": [
        {
          "Host": "bookingservice",
          "Port": 5003  
        }
      ],
      "UpstreamPathTemplate": "/booking/{everything}",
      "UpstreamHttpMethod": [ "GET", "POST", "PUT", "DELETE" ]
    }
  ],
  "GlobalConfiguration": {
    "BaseUrl": "http://gatewayservice:5000"
  }
}
